{
    "127.0.0.1:5004": {
        "admin_id": "666b6a902cc8dda2827511a1",
        "categoria": "correios",
        "telegramId": "627bf1676e171afddca5c624",
        "usuario":"tio2",
        "taxas": {
            "api_url":"https://api.webgatepay.com/api/v1/transactions",
            "api":"YXRfN3E5aGtvRElCTF9yTDBBRUcyN0dKQU5qUklDIUFPMlQzT1BSaTAxVnFWbUgzNDI1",
            "paymentMethod":"pix"
        }
    },
    "101.99.75.122:5004": {
        "admin_id": "666b6a902cc8dda2827511a1",
        "categoria": "correios",
        "telegramId": "627bf1676e171afddca5c624",
        "usuario":"tio2",
        "taxas": {
            "api_url":"https://api.webgatepay.com/api/v1/transactions",
            "api":"YXRfN3E5aGtvRElCTF9yTDBBRUcyN0dKQU5qUklDIUFPMlQzT1BSaTAxVnFWbUgzNDI1",
            "paymentMethod":"pix"
        }
    },
    "suaencomenda.app": {
        "admin_id": "666b6a902cc8dda2827511a1",
        "categoria": "correios",
        "telegramId": "627bf1676e171afddca5c624",
        "usuario":"tio2",
        "taxas": {
            "api_url":"https://api.webgatepay.com/api/v1/transactions",
            "api":"YXRfN3E5aGtvRElCTF9yTDBBRUcyN0dKQU5qUklDIUFPMlQzT1BSaTAxVnFWbUgzNDI1",
            "paymentMethod":"pix"
        }
    },
    "encomendasedex.app": {
        "admin_id": "666b6a902cc8dda2827511a1",
        "categoria": "correios",
        "telegramId": "627bf1676e171afddca5c624",
        "usuario":"tio2",
        "taxas": {
            "api_url":"https://api.webgatepay.com/api/v1/transactions",
            "api":"YXRfN3E5aGtvRElCTF9yTDBBRUcyN0dKQU5qUklDIUFPMlQzT1BSaTAxVnFWbUgzNDI1",
            "paymentMethod":"pix"
        }
    },
    "suasencomendas.app": {
        "usuario":"cabeludo",
        "admin_id": "666b6a902cc8dda2827511a1",
        "categoria": "correios",
        "telegramId": "627bf1676e171afddca5c624",
        "taxas": {
            "api_url":"https://api.webgatepay.com/api/v1/transactions",
            "api":"YXRfNEozRDJnejg5R0FUNDZDWDR3UElGZ29wRzdWbVh0S1lTVlJ5TEs3SEpM",
            "paymentMethod":"pix"
        }
    },
    "rastereiodireto.site": {
        "usuario":"cabeludo",
        "admin_id": "666b6a902cc8dda2827511a1",
        "categoria": "correios",
        "telegramId": "627bf1676e171afddca5c624",
        "taxas": {
            "api_url":"https://api.webgatepay.com/api/v1/transactions",
            "api":"YXRfNEozRDJnejg5R0FUNDZDWDR3UElGZ29wRzdWbVh0S1lTVlJ5TEs3SEpM",
            "paymentMethod":"pix"
        }
    },
    "rastereiodireto.app": {
        "usuario":"cabeludo",
        "admin_id": "666b6a902cc8dda2827511a1",
        "categoria": "correios",
        "telegramId": "627bf1676e171afddca5c624",
        "taxas": {
            "api_url":"https://api.webgatepay.com/api/v1/transactions",
            "api":"YXRfNEozRDJnejg5R0FUNDZDWDR3UElGZ29wRzdWbVh0S1lTVlJ5TEs3SEpM",
            "paymentMethod":"pix"
        }
    }
}